transect_name,species,0,2,4,6,8,10,12,14,16,18,20,22,24,26,28,30,32,34,36,38,40,42
Doug1,deer_fern,0,0,0,0,0,0,0,0,0,0,0,0,0,0,0,0,0,0,0,30,0,0
Doug1,spiny_fern,0,2,35,40,8,15,40,33,0,5,3,0,0,20,0,30,50,0,0,0,0,0
Doug1,sword_fern,3,9,0,4,60,0,0,0,0,0,0,0,0,0,1,2,50,0.5,6,50,95,90
Doug1,bracken_fern,0,0,0,0,0,0,0,0,0,0,0,0,0,0,0,0,0,0,0,0,0,0
Doug1,dull_grape,0,0,0,0,0,0,0,0,0,4,0,0,0,0,0,0,0,0,0,0,0,0
Doug1,red_huck,0,0,1,4,0,1,6,7,0,0,0,0,0,0,0,0,0,0,0,0,0,0
Doug1,salmon_berr,0,0,0,0,0,0,0,0,0,2,0,0,0,0,0,0,0,0,0,0,0,0
Doug1,tr_blackberry,30,25,25,3,0,0,0,0,0,0,0,0,40,0,0,0,0,0,0,0,0,4
Doug1,salal,7,3,0,0,0,0,0,0,0,0,0,0,0,0,0,0,0,0,0,0,0,0
Doug1,starflower,0,0,0,0,0,0,0,0,0,0,0,0,0,0,0,0,2,0,0.5,8,0,0.5
Doug1,foamflower,0,0,0,0,0,0,2,0,0,8,35,0,0,0,0,0,0,0,0,0,0,0
Doug1,cascara,0,0,0,0,0,0,0,0,0,0,0,0,0,0,1,0,0,0,0,0,0,0
Doug1,Eng_holly,4,15,0,4,0,0,0,0,0,0,0,0,0,6,2,10,0,1,0,0,0,0
Doug1,him_blackberry,0,0,0,0,0,0,0,0,0,0,0,0,0,0,0,0,0,0,0,0,0,0
Doug1,Eng_laurel,0,0,0,0,0,0,0,0,0,0,0,0,0,0,0,0,0,0,0,0,0,0
Doug1,wall_lettuce,0,1,1,0,1,1,1,1,0,4,3,0,0,0,0,0,0,0,1,3,5,0
Doug1,osoberry,0,0,0,0,0,0,0,0,0,0,0,0,0,0,0,0,0,0,0,0,0,0
Doug1,other,0,0,2,0,0,0,0,0,1,2,8,0,50,0.5,2,0,0,99,0,0,0,1
Doug2,deer_fern,0,0,0,0,0,0,0,0,0,0,0,0,0,0,0,2,0,0,0,0,0,0
Doug2,spiny_fern,0,0,0,6,25,3,6,5,0,6,15,0,0,15,25,50,30,25,1,5,50,10
Doug2,sword_fern,7,0,0,0,0,0,80,0,0,25,50,0,0,0,0,0,0,30,0,0,0,5
Doug2,bracken_fern,0,5,0,0,13,4,0,0,0,0,0,0,0,0,0,0,0,0,0,0,0,0
Doug2,dull_grape,0,0,0,0,0,0,0,0,0,0,0,0,0,0,0,0,0,0,0,0,0,0
Doug2,red_huck,0,0,0,0,0,0,0,0,13,0,0,50,0,0,0,0,0,0,0,0,0,10
Doug2,salmon_berr,0,4,0,0,0,0,0,0,0,0,0,0,0,0,0,10,0,0,0,0,0,0
Doug2,tr_blackberry,3,1,0,10,6,17,3,18,23,11,20,0,0,0,0,0,0,0,12,40,30,40
Doug2,salal,0,0,0,0,4,40,0,0,0,0,0,0,0,0,0,0,0,0,0,5,10,10
Doug2,starflower,2,3,0,0,0,0,0,0,18,3,1,0,2,0,0,2,0,0,1,0,5,5
Doug2,foamflower,0,0,0,0,0,0,0,0,0,0,0,0,0,0,0,0,0,0,0,0,0,0
Doug2,cascara,0,0,0,0,0,0,0,0,0,0,0,0,0,0,0,0,0,0,0,0,0,0
Doug2,Eng_holly,0,0,0,0,21,27,15,10,4,0,0,0,0,0,0,0,0,0,5,15,8,5
Doug2,him_blackberry,0,0,0,0,0,0,0,0,0,0,0,0,0,0,0,0,0,0,0,0,0,0
Doug2,Eng_laurel,0,0,0,0,0,0,0,0,0,0,0,0,0,0,0,0,0,0,0,0,0,0
Doug2,wall_lettuce,3,0,0,0,2,0,0,4,6,0,2,10,4,2,0,0,0,0,0,0,0,0
Doug2,osoberry,0,0,0,0,0,0,0,0,0,0,0,0,0,0,0,0,0,0,0,0,0,0
Doug2,other,0,0,50,50,7,0,0,3,0,0,0,5,2,2,0,30,36,30,2,0,60,65
Doug3,deer_fern,0,0,0,0,0,0,0,0,0,0,0,0,0,0,0,0,0,0,0,0,0,0
Doug3,spiny_fern,5,0,15,10,15,30,0,3,0,0,15,1,7,7.5,3,6,1.5,0,0,0,2.5,20
Doug3,sword_fern,0,0,30,0,40,25,0,0,20,0,0,8,7,0,0,0,0,0,15,0,0,0
Doug3,bracken_fern,0,0,0,0,0,0,0,0,0,0,0,0,0,0,0,0,0,0,0,0,0,0
Doug3,dull_grape,0,0,0,0,0,0,0,0,0,0,0,0,0,0,0,0,0,0,0,0,0,0
Doug3,red_huck,0,0,0,0,3,0,20,0,0,0,0,0,0,1,0,0,0,3,0,0,0,25
Doug3,salmon_berr,0,0,0,0,0,0,0,0,2,1,0,0,0,0,5,4,5,1,0,0,0,1.25
Doug3,tr_blackberry,30,10,0,0,0,0,0,0,0,1,0,0,0,0,0,0,0,0,0,0,0,0
Doug3,salal,0,10,0,0,5,0,0,0,0,0,0,0,0,0,0,0,0,0,0,0,0,0
Doug3,starflower,0,0,0,0,0,0,0,2,1,0,0,0,0,0,0,0,0,0,0,0,0,0
Doug3,foamflower,0,0,0,0,0,0,0,0,0,0,0,0,0,0,0,0,0,0,0,0,0,0
Doug3,cascara,0,0,0,0,0,0,0,0,0,0,0,0,0,0,0,0,0,0,0,0,0,0
Doug3,Eng_holly,0,0,15,15,0,0,0,0,0,0,0,0,0,0,0,0,0,0,0,0,0,0
Doug3,him_blackberry,0,0,0,0,0,0,0,0,0,0,0,0,0,0,0,0,0,0,0,0,0,0
Doug3,Eng_laurel,0,0,0,0,0,0,0,0,0,0,0,0,0,0,0,0,0,0,0,0,0,0
Doug3,wall_lettuce,0,2,0,0,0,0,0,1,1,7,0,0,0,0,0,0,1,1.5,0,0,0,0
Doug3,osoberry,0,0,0,0,0,0,0,0,0,0,0,0,0,0,0,0,0,0,0,0,0,0
Doug3,other,1,5,1,0,2,0,0,1,1,0,60,0,5,35,0,0,0,0,0,0,0,0
Doug4,deer_fern,0,0,0,0,0,0,0,0,0,0,0,0,0,0,0,0,0,0,0,0,0,0
Doug4,spiny_fern,0,6,0,0,2,0,0,0,16,10,0,0,0,0,0,0,0,0,0,0,0,0
Doug4,sword_fern,0,0,0,0,5,0,0,0,0,0,0,85,25,0,0,0,0,2,0,8,9,70
Doug4,bracken_fern,0,0,0,0,0,0,0,0,0,0,0,20,50,30,30,25,0,65,20,0,15,0
Doug4,dull_grape,0,0,0,0,0,0,0,0,0,0,0,0,0,0,0,0,0,0,0,0,0,0
Doug4,red_huck,0,0,0,8,0,0,0,0,0,0,0,0,0,0,0,5,0,5,0,0,0,0
Doug4,salmon_berr,0,0,0,0,0,0,0,35,0,0,0,0,0,40,45,0,0,0,0,0,0,0
Doug4,tr_blackberry,10,0,25,40,20,2,25,50,60,35,3,5,35,30,30,55,15,70,25,45,8,0
Doug4,salal,0,0,0,0,0,0,0,0,0,0,0,0,0,0,0,0,0,0,0,0,0,0
Doug4,starflower,0,0,0,7,0,0,0,0,0,0,0,0,5,0,0,0,0,5,2,0,0,0
Doug4,foamflower,0,0,0,0,0,0,0,0,0,0,0,0,0,0,0,0,0,0,0,0,0,0
Doug4,cascara,0,0,0,0,0,0,0,0,0,0,0,0,0,0,0,0,0,0,0,0,0,0
Doug4,Eng_holly,0,0,1,0,0,0,3,0,0,12,2,0,0,0,0,60,0,1,0,0,2,0
Doug4,him_blackberry,0,0,0,0,0,0,0,0,0,0,0,0,0,0,0,0,0,0,0,0,0,0
Doug4,Eng_laurel,0,0,0,0,0,0,0,0,0,0,0,0,0,0,0,0,0,0,0,0,0,0
Doug4,wall_lettuce,7,3,1,5,2,4,2,0,0,0,0,0,0,0,0,0,0,0,0,0,3,1
Doug4,osoberry,0,0,0,0,0,0,0,0,0,0,0,0,0,0,0,0,0,0,0,0,0,0
Doug4,other,0,0,0,0,0,0,0,1,10,0,0,0,1,1,0,0,0,0,0,1,51,8
Doug5,deer_fern,0,0,0,0,0,0,0,0,0,0,0,0,0,0,0,0,0,0,0,0,0,0
Doug5,spiny_fern,0,0,0,46,30,20,0,6,8,18,4,0,6,5,0,0,9,14,23,18,11,32
Doug5,sword_fern,0,3,0,0,0,30,80,35,0,0,0,0,0,20,30,0,0,0,0,0,0,0
Doug5,bracken_fern,0,0,0,0,0,0,0,0,0,0,0,0,0,0,0,0,0,0,0,0,0,0
Doug5,dull_grape,0,0,0,0,0,0,0,0,0,0,0,0,0,0,0,0,0,43,0,0,0,0
Doug5,red_huck,0,0,6,0,0,0,0,0,0,0,0,0,0,0,0,0,0,28,0,0,0,0
Doug5,salmon_berr,0,0,0,0,0,0,0,0,0,0,0,0,0,20,6,9,46,0,0,0,0,0
Doug5,tr_blackberry,12,20,42,60,30,30,2,0,0,0,0,0,8,12,19,10,26,43,80,18,16,32
Doug5,salal,0,0,0,0,0,0,0,0,0,12,0,0,0,0,0,23,0,0,0,0,0,6
Doug5,starflower,10,0,0,0,0,8,0,0,0,1,1,0,0,4,6,0,0,0,5,0,0,0
Doug5,foamflower,0,0,0,0,0,0,0,0,0,4,0,0,0,0,0,0,0,0,0,0,0,0
Doug5,cascara,0,0,0,0,0,0,0,0,0,0,0,0,0,0,0,0,0,0,0,0,0,0
Doug5,Eng_holly,0,12,0,0,0,0,0,0,0,0,3,0,0,0,0,0,0,0,0,0,0,0
Doug5,him_blackberry,0,0,0,0,0,0,0,0,0,0,0,0,0,0,0,0,0,0,0,0,0,0
Doug5,Eng_laurel,0,0,0,0,0,0,0,0,0,0,0,0,0,0,0,0,0,0,0,0,0,0
Doug5,wall_lettuce,20,0,4,0,3,6,3,2,1,12,0,0,0,0,0,0,0,0,0,0,0,0
Doug5,osoberry,0,0,0,0,0,0,0,0,0,0,0,0,0,0,0,0,0,0,0,0,0,0
Doug5,other,0,0,0,0,0,0,0,0,0,0,0,0,0,0,0,0,0,0,0,0,0,0
Doug6,deer_fern,0,0,0,0,0,0,0,0,0,0,0,0,0,0,0,0,0,0,0,0,0,0
Doug6,spiny_fern,4,70,30,0,0,10,15,35,45,78,7,20,10,100,30,50,0,5,5,5,20,20
Doug6,sword_fern,0,0,0,30,45,0,0,0,0,0,0,0,0,0,0,0,0,0,0,5,30,80
Doug6,bracken_fern,0,0,0,0,0,0,0,0,0,0,0,0,0,0,0,0,0,0,0,0,0,0
Doug6,dull_grape,0,0,0,0,0,0,0,0,0,0,0,0,0,0,0,0,0,0,0,0,0,0
Doug6,red_huck,0,0,0,0,0,0,0,10,0,0,0,0,0,0,0,2,0,0,70,0,0,0
Doug6,salmon_berr,5,0,5,30,20,5,5,0,0,7,40,0,0,0,0,0,0,0,0,0,0,0
Doug6,tr_blackberry,0,0,0,0,2,7,12,2,5,10,10,0,0,0,0,0,0,0,0,0,0,0
Doug6,salal,0,0,0,0,0,0,0,0,0,0,0,0,0,0,0,0,0,2,0,5,0,0
Doug6,starflower,0,0,0,0,2,0,0,0,0,5,20,0,0,0,0,0,0,0,0,0,0,0
Doug6,foamflower,0,0,0,0,0,0,0,0,0,0,0,0,0,0,0,0,0,0,0,0,0,0
Doug6,cascara,0,0,0,0,0,0,0,0,0,0,0,0,0,0,0,0,0,0,0,0,0,0
Doug6,Eng_holly,0,0,10,0,0,0,0,0,0,0,0,0,5,0,2,0,0,0,0,0,0,0
Doug6,him_blackberry,0,0,0,0,0,0,0,0,0,0,0,0,0,0,0,0,0,0,0,0,0,0
Doug6,Eng_laurel,0,0,0,0,0,0,0,0,0,0,0,0,0,0,0,0,0,0,0,0,0,0
Doug6,wall_lettuce,1,12,10,1,1,0,1,1,0,0,5,10,5,0,0,0,0,0,0,0,2,0
Doug6,osoberry,0,0,0,0,0,0,0,0,0,0,0,0,0,0,0,0,0,0,0,0,0,0
Doug6,other,0,0,0,0,0,0,0,0,0,0,0,0,0,0,0,0,0,50,0,0,0,0
Doug7,deer_fern,0,0,0,0,0,0,0,0,0,0,0,0,0,0,0,0,0,0,0,0,0,0
Doug7,spiny_fern,1,6,0,10,40,3,20,0,3,0.25,0,0,0,0,0,0,0,0,0,0,0,0
Doug7,sword_fern,0,4,8,0,10,13,0,0,0,0,0,6,0,0,0,80,0,0,0,0,0,90
Doug7,bracken_fern,0,0,0,0,0,0,0,0,0,0,0,0,5,15,0,8,5,0,0,7,30,0
Doug7,dull_grape,0,0,0,0,0,0,0,0,0,0,0,0,0,0,0,0,0,0,0,0,0,0
Doug7,red_huck,0,0,0,0,0,0,0,0,0,0,0,0,0,10,3,0,0,0,10,9,0,0
Doug7,salmon_berr,0,0,0,0,0,0,0,0,0,0,0,0,50,0,0,0,0,0,0,0,10,15
Doug7,tr_blackberry,0,20,20,30,0,0,0,0,0,0,0,0,0,5,60,10,0,20,10,40,10,0
Doug7,salal,15,5,3,0,10,2,0,0,0,0,0,0,0,0,0,0,0,0,0,0,0,5
Doug7,starflower,0,0,6,3,0,0,0,0,0,0,0,0,0,0,0,0,0,0,0,0,1,0
Doug7,foamflower,0,0,0,0,0,0,0,0,0,0,0,0,0,0,0,0,0,0,0,0,0,0
Doug7,cascara,0,0,0,0,0,0,0,0,0,0,0,0,0,0,0,0,0,0,0,0,0,0
Doug7,Eng_holly,0,0,0,0,0,0,0,0,0,0,0,0,0,0,4,7,0,0,8,0,0,0
Doug7,him_blackberry,0,0,0,0,0,0,0,0,0,0,0,0,0,0,0,0,0,0,0,0,0,0
Doug7,Eng_laurel,0,0,8,0,0,0,0,0,0,0,0,0,0,0,0,0,85,0,0,0,0,0
Doug7,wall_lettuce,0,0,0,0,3,0,10,2,0,0,0,0,0,0,0,0,0,0,2,0,0,0
Doug7,osoberry,0,0,0,0,0,0,0,0,0,0,0,0,0,0,0,0,0,0,0,0,0,0
Doug7,other,0,0,0,0,0,0,0,0,0,0,0,0,0,3,0,0,0,0,2,10,50,0
Doug8,deer_fern,0,0,0,0,0,0,0,0,25,0,0,0,0,0,0,20,0,0,0,0,0,0
Doug8,spiny_fern,0,0,0,25,15,5.5,1.5,1,20,0,0,25,8,4,35,40,0,0,0,0,5,30
Doug8,sword_fern,0,0,0,0,0,0,0,0,0,0,0,0,0,0,0,0,0,0,0,45,0,0
Doug8,bracken_fern,50,60,0,2,0,0,0,0,0,4,0,0,0,0,0,0,0,0,0,0,0,0
Doug8,dull_grape,0,0,0,0,0,0,0,0,0,0,0,0,0,0,0,0,0,0,0,0,0,0
Doug8,red_huck,0,0,0,0,0,0,0,5,0,0,0,0,0,15,0,0,20,5,40,20,0,0
Doug8,salmon_berr,0,0,0,0,0,0,0,0,0,0,0,0,0,0,0,0,0,0,0,5,0,0
Doug8,tr_blackberry,0,0,0,0,0,0,0,0,0,0,0,20,5,20,12,8,6,15,20,15,5,5
Doug8,salal,15,18,5,1,20,1,1,0,0,2,0,10,0,0,0,0,0,0,35,0,0,10
Doug8,starflower,0,0,0,0,0,0,0,0,0,0,0,1,5,2,0,0,0,2,0,0,0,0
Doug8,foamflower,0,0,0,0,0,0,0,20,15,5,15,0,0,0,0,0,0,0,0,0,0,0
Doug8,cascara,0,0,0,0,0,0,0,0,0,0,0,0,0,0,0,0,0,0,0,0,0,0
Doug8,Eng_holly,1,0,0,0,2,0,0,0,1,0,0,0,0,0,0,0,0,0,0,0,0,0
Doug8,him_blackberry,0,0,0,0,0,0,0,0,0,0,0,0,0,0,0,0,0,0,0,0,0,0
Doug8,Eng_laurel,0,0,0,0,0,0,0,0,0,0,0,0,0,30,40,30,0,0,0,0,0,0
Doug8,wall_lettuce,0,1,0,0,0,0,0,0,0,0,1,3,0,0,0,0,0,0,0,0,0,0
Doug8,osoberry,0,0,0,0,0,0,0,0,0,0,0,0,0,0,0,0,0,0,0,0,0,0
Doug8,other,1,0,0.5,1,1,1,1,0,0,0,0,0,0,20,0,40,14,20,10,0,10,0
Doug9,deer_fern,0,0,0,0,0,0,0,0,0,0,0,0,0,0,0,0,0,0,0,0,0,0
Doug9,spiny_fern,0,10,10,55,55,10,0,0,50,1,0,13,5,4,2,4,57,12,0,27,85,0
Doug9,sword_fern,15,0,80,15,0,5,0,0,0,0,0,0,0,0,85,90,0,0,0,0,0,20
Doug9,bracken_fern,0,0,0,0,0,0,0,0,0,0,0,0,0,0,0,0,0,0,0,0,0,0
Doug9,dull_grape,0,0,0,0,0,0,0,0,0,0,0,0,0,0,0,0,0,0,0,0,0,0
Doug9,red_huck,0,0,0,0,0,0,0,0,0,0,0,0,0,0,0,0,0,0,0,0,0,0
Doug9,salmon_berr,0,0,3,0,0,0,0,0,0,0,0,0,0,0,0.5,0,0,0,0,0,0,20
Doug9,tr_blackberry,0,0,0,15,0,0,0,0,0,0,0,0,0,0,0,0,0,0,0,0,0,0
Doug9,salal,0,0,0,0,0,0,0,0,0,0,0,0,0,0,0,0,0,0,0,0,0,0
Doug9,starflower,1,0,0,0,15,0,4,0,10,0,1,0,0,0,1,0,0.5,0.5,1,0,0,5
Doug9,foamflower,0,10,10,0,0,0,0,0,0,0,0,0,0,0,0,0,0,1,0,0,0,0
Doug9,cascara,0,0,0,0,0,0,0,0,0,0,0,0,0,0,0,0,0,0,0,0,0,0
Doug9,Eng_holly,0,0,0,0,0,0,5,0,0,0,0,0,0,0,0,0,0,0,0,0,0,25
Doug9,him_blackberry,0,0,0,0,0,0,0,0,0,0,0,0,0,0,0,0,0,0,0,0,0,0
Doug9,Eng_laurel,0,0,0,0,0,0,0,0,0,0,0,0,0,0,0,0,0,0,0,0,0,0
Doug9,wall_lettuce,90,40,0,10,0,15,0,0,0,0,0,1,0,0,0,0,0,0,0,0,0,0
Doug9,osoberry,0,0,0,0,0,0,0,0,0,0,0,0,0,0,0,0,0,0,0,0,0,0
Doug9,other,0,0,0,0,0,20,0,0,15,0,0,0,0,0,2,2,0,0,9,0,2,0
Doug10,deer_fern,0,0,0,0,0,0,0,0,0,0,0,0,0,0,0,0,0,0,0,0,0,0
Doug10,spiny_fern,10,15,4,10,0,5,15,3,30,15,3,0,0,0,0,0,0,10,0,0,0,0
Doug10,sword_fern,0,0,2,0,0,0,0,0,0,0,45,80,0,0,0,5,0,0,50,1,20,0
Doug10,bracken_fern,0,0,0,0,0,0,0,0,0,0,0,0,5,10,5,20,5,20,15,40,20,50
Doug10,dull_grape,0,0,0,0,15,0,1,2,0,0,0,0,0,0,0,0,0,0,0,0,0,0
Doug10,red_huck,3,0,0,0,0,2,0,0,0,0,0,0,25,5,0,10,10,0,25,0,0,0
Doug10,salmon_berr,0,0,0,0,0,0,0,0,0,7,0,0,0,0,0,0,0,0,25,0,0,0
Doug10,tr_blackberry,0,0,0,0,0,0,0,0,0,0,0,0,0,0,0,0,0,10,0,0,0,0
Doug10,salal,0,0,0,0,0,0,0,0,0,0,0,0,0,0,40,0,0,0,0,0,0,0
Doug10,starflower,0,2,0,7,0,0,0,0,0,0,0,0,0,0,0,0,0,5,0,0,0,0
Doug10,foamflower,0,0,0,0,0,0,0,0,2,3,0,0,0,0,0,0,0,0,0,0,0,75
Doug10,cascara,0,0,0,0,0,0,0,0,0,0,0,0,0,0,0,0,0,0,0,0,0,0
Doug10,Eng_holly,0,0,0,0,4,0,0,0,0,0,0,0,25,0,0,5,0,0,0,10,10,0
Doug10,him_blackberry,0,0,0,0,0,0,0,0,0,0,0,0,0,0,0,0,0,0,0,0,0,0
Doug10,Eng_laurel,0,0,0,0,0,0,0,0,0,0,0,0,0,0,0,0,0,0,0,0,0,0
Doug10,wall_lettuce,0,1,5,0,2,0,0,0,3,5,0,0,0,0,0,0,0,0,0,0,0,0
Doug10,osoberry,0,0,0,0,0,0,0,0,0,0,0,0,0,0,0,0,0,0,0,0,0,0
Doug10,other,0,1,0,1,0,0,0,0,0,0,3,0,0,0,0,0,0,0,0,0,0,0
Doug11,deer_fern,0,0,0,0,0,0,0,0,0,0,0,0,0,0,0,0,0,0,0,0,0,0
Doug11,spiny_fern,40,50,0,10,20,5,0,30,0,0,0,70,20,40,8,30,10,30,18,7,19,30
Doug11,sword_fern,0,25,90,0,0,0,10,0,0,0,0,0,10,20,0,12,0,0,0,2,0,0
Doug11,bracken_fern,0,0,0,0,0,0,0,0,0,0,0,0,0,0,0,0,0,0,0,7,0,0
Doug11,dull_grape,0,0,0,0,0,0,0,0,0,0,0,0,0,0,0,0,0,0,0,0,6,0
Doug11,red_huck,0,0,0,0,0,0,0,0,0,0,0,0,0,0,10,0,2,0,0,0,1,0
Doug11,salmon_berr,0,0,0,0,20,0,0,0,0,0,0,0,0,0,0,0,70,0,0,0,5,50
Doug11,tr_blackberry,50,0,5,0,0,0,0,15,0,0,0,0,0,2,0,0,0,0,0,0,0,0
Doug11,salal,0,0,0,0,0,0,0,0,0,0,0,0,0,0,0,0,0,0,0,0,0,1
Doug11,starflower,0,5,0,0,0,2,0,0,0,0,0,0,0,0,0,0,0,0,0,0,0,0
Doug11,foamflower,0,0,0,0,0,0,0,0,0,0,0,35,50,0,0,0,0,0,0,0,0,30
Doug11,cascara,0,0,0,0,0,0,0,0,0,0,0,0,0,0,0,0,0,0,0,0,0,0
Doug11,Eng_holly,0,0,0,0,0,2,0,0,0,0,0,0,0,10,12,2,0,0,0,0,0,10
Doug11,him_blackberry,0,0,0,0,0,0,0,0,0,0,0,0,0,0,0,2,0,0,0,0,0,0
Doug11,Eng_laurel,0,0,0,0,0,0,0,0,0,0,0,0,0,0,0,0,0,0,0,0,0,2
Doug11,wall_lettuce,10,0,10,2,0,0,0,0,0,0,0,0,0,0,4,4,0,0,0,2,5,0
Doug11,osoberry,0,0,0,0,0,0,0,0,0,0,0,0,0,0,0,0,0,0,0,0,0,0
Doug11,other,0,0,0,0,0,0,0,0,0,0,0,2,2,0,0,0,0,50,0,15,0,0
Doug12,deer_fern,0,0,0,0,0,0,0,0,0,0,0,0,0,0,0,0,0,0,0,0,0,0
Doug12,spiny_fern,0,7,0,5,1,10,0,20,0,0,0,0,8,8,9,10,25,0,4,30,0,7
Doug12,sword_fern,0,0,25,0,0,0,0,0,0,0,0,0,0,15,2,0,0,0,0,0,0,0
Doug12,bracken_fern,0,0,0,0,0,0,0,0,0,0,0,0,65,0,0,0,0,0,0,0,0,0
Doug12,dull_grape,0,0,0,0,0,0,0,0,0,0,0,0,0,0,0,0,0,0,0,0,0,0
Doug12,red_huck,0,0,0,0,0,0,0,0,0,0,0,0,0,0,2,35,0,2,0,20,0,0
Doug12,salmon_berr,0,15,0,15,25,20,0,0,0,0,0,0,0,0,0,0,0,0,0,0,0,0
Doug12,tr_blackberry,0,0,0,0,0,0,0,0,0,0,0,0,0,0,10,32,20,11,2,7,25,25
Doug12,salal,0,0,0,0,0,0,0,0,0,0,0,0,0,0,0,25,5,8,70,20,8,6
Doug12,starflower,1,1,0.5,1,1,1,20,0,0,0,0,0,0,1,1,0,0,0,0,0,0,0
Doug12,foamflower,0,0,0,0,0,0,0,0,0,0,0,0,0,0,0,0,0,0,0,0,0,0
Doug12,cascara,0,0,0,0,0,0,0,0,0,0,0,0,0,0,0,0,0,0,0,0,0,0
Doug12,Eng_holly,0,3,0,3,5,2,2,0,0,0,0,0,0,0,65,0,40,30,10,7,0,0
Doug12,him_blackberry,0,0,0,0,0,0,0,0,0,0,0,0,0,0,0,0,0,1,0,0,0,0
Doug12,Eng_laurel,0,0,0,0,0,0,0,0,0,0,0,0,0,0,5,0,0,0,0,0,0,0
Doug12,wall_lettuce,20,10,4,0,10,0,2,0,0,0,0,0,0,0,0,0,0,0,0,0,0,2
Doug12,osoberry,0,0,0,0,0,0,0,0,0,0,0,0,0,0,0,0,0,0,0,0,0,0
Doug12,other,0,0,0,0,2,0,0,0,0,0,0,0,0,0,0,0,1,2,0,0,0,0
Doug13,deer_fern,0,0,0,0,0,0,0,0,0,0,0,0,0,0,0,0,0,0,0,0,0,0
Doug13,spiny_fern,15,3,0,10,15,0,60,1,30,30,0,0,0,5,7,45,14,20,8,5,12,11
Doug13,sword_fern,0,0,0,0,0,0,0,0,0,0,4,0,0,0,0,0,0,12,12,0,0,0
Doug13,bracken_fern,0,0,0,0,0,0,0,0,0,0,0,0,0,0,0,0,0,0,0,0,0,0
Doug13,dull_grape,0,0,0,0,0,0,0,0,0,0,0,0,0,0,0,0,0,0,0,0,0,0
Doug13,red_huck,0,0,0,70,0,0,0,0,0,0,0,0,0,0,0,55,0,0,16,1,0,0
Doug13,salmon_berr,15,0,0,60,10,10,2,2,0,4,50,0,0,0,0,0,0,0,0,0,0,0
Doug13,tr_blackberry,2,0,0,0,2,30,15,60,70,10,5,0,0,0,0,6,0,0,23,19,0,0
Doug13,salal,10,0,0,0,0,0,0,0,0,0,0,0,0,0,0,6,15,25,0,0,0,0
Doug13,starflower,0,0,0,0,1,0,0,0,0,2,0,0,0,0,0,0,0.5,0,0,5,1,1
Doug13,foamflower,0,0,0,0,0,30,30,10,2,5,0,0,0,0,0,0,0,0,0,0,0,0
Doug13,cascara,0,0,0,0,0,0,0,0,0,0,0,0,0,0,0,0,0,0,15,11,0,0
Doug13,Eng_holly,0,0,0,0,1,0,0,0,0,0,0,0,0,3,20,20,0,7,0,0,0,3
Doug13,him_blackberry,0,0,0,0,0,0,0,0,0,0,0,0,0,0,0,0,0,0,0,0,0,0
Doug13,Eng_laurel,0,0,0,0,0,0,0,0,0,0,0,0,0,0,0,0,0,0,0,0,0,0
Doug13,wall_lettuce,5,1,0,0,0,2,0,0,0,0,0,1,0,0,0,0,0,0,0,0,0,0
Doug13,osoberry,0,0,0,0,0,0,0,0,0,0,0,0,0,0,0,0,0,0,0,0,0,0
Doug13,other,90,0,90,2,0,2,0,1,0,0,1,0,0,0,0,0,0.25,0,0,0,0,0
Doug14,deer_fern,0,0,0,0,0,0,0,0,0,0,0,0,0,0,0,0,0,0,0,0,0,0
Doug14,spiny_fern,60,20,10,4,0,0,18,0,10,0,0,0,1,0,0,20,10,15,60,40,25,0
Doug14,sword_fern,4,0,0,0,0,0,0,45,0,0,0,0,0,0,0,0,0,0,0,0,0,0
Doug14,bracken_fern,0,0,0,0,0,0,0,0,0,0,0,0,0,0,0,0,0,0,0,0,0,0
Doug14,dull_grape,0,0,0,0,0,0,0,0,0,0,0,0,0,0,0,0,0,0,0,0,0,0
Doug14,red_huck,0,0,0,0,0,2,0,0,0,1,0,0,0,0,2,0,35,50,0,0,2,0
Doug14,salmon_berr,15,35,40,10,0,0,0,3,0,0,0,3,40,0,0,0,0,0,0,0,0,0
Doug14,tr_blackberry,5,15,15,4,0,5,5,10,0,0,0,0,0,8,40,20,90,40,20,18,15,15
Doug14,salal,0,0,17,0,0,0,0,0,0,0,0,0,0,0,0,0,0,0,12,3,12,60
Doug14,starflower,0,1,0,1,0,0,0,15,1,0,0,0,2,1,0,0,0,0,0,0,0,0
Doug14,foamflower,0,0,0,0,0,0,0,0,0,0,0,0,0,0,0,0,0,0,0,0,0,0
Doug14,cascara,0,0,0,0,0,0,0,0,0,0,0,0,0,0,0,0,0,0,0,0,0,0
Doug14,Eng_holly,0,0,0,0,0,0,0,0,0,0,0,0,0,0,0,0,0,0,0,30,0,0
Doug14,him_blackberry,0,0,0,0,0,0,0,0,0,0,0,0,0,0,0,0,0,0,0,0,0,0
Doug14,Eng_laurel,0,0,0,0,0,0,0,0,0,0,0,0,0,0,0,0,0,0,0,0,0,0
Doug14,wall_lettuce,2,2,4,6,4,2,2,0,0,10,1,0,0,0,0.5,0,0,0,0,0,0,0
Doug14,osoberry,0,0,0,0,0,0,0,0,0,0,0,0,0,0,0,0,0,0,0,0,0,0
Doug14,other,0,0,0,0,0,0,0,0,0,0,0,0,0,0,0,0,0,0,0,15,0,0
Doug18,deer_fern,0,0,0,0,0,0,0,0,0,0,0,0,0,0,0,0,0,0,0,0,0,0
Doug18,spiny_fern,0,5,0,4,1,0,9,10,40,3,0,45,45,60,65,48,14,50,8,3,0,2
Doug18,sword_fern,0,0,0,0,0,0,0,0,0,0,0,0,0,0,0,0,0,0,0,0,0,0
Doug18,bracken_fern,0,0,0,0,0,0,0,0,0,0,0,0,0,0,0,0,0,0,0,0,0,0
Doug18,dull_grape,0,0,0,0,0,0,0,0,0,0,0,0,0,0,0,0,0,0,0,0,0,0
Doug18,red_huck,0,0,0,1,0,0,0,50,13,0,0,0,0,0,0,0,35,0,8,2,0,0
Doug18,salmon_berr,0,0,0,0,0,0,15,0,25,0,0,0,0,0,0,0,0,0,0,0,0,0
Doug18,tr_blackberry,5,0,17,20,5,9,1,8,20,10,0,0,11,2,18,13,0,0,0,18,7,38
Doug18,salal,0,0,0,0,0,0,0,0,0,0,0,0,0,0,0,0,0,0,0,0,0,0
Doug18,starflower,0,0,5,8,4,0,0,0,0,0,0,0,0,0,0,0,0,0,0,0,0,0
Doug18,foamflower,0,0,0,0,0,0,0,0,0,0,0,2,1,8,0,0,0,0,0,0,0,0
Doug18,cascara,0,0,0,0,0,0,0,0,0,0,0,0,0,0,0,0,0,0,0,0,0,0
Doug18,Eng_holly,0,0,0,0,0,1,1,0,0,0,0,0,0,0,0,0,45,4,0,2,2,4
Doug18,him_blackberry,0,0,0,0,0,0,0,0,0,0,0,0,0,0,0,0,0,0,0,0,0,0
Doug18,Eng_laurel,0,0,0,0,0,0,0,0,0,0,0,0,0,0,0,0,0,0,0,0,0,0
Doug18,wall_lettuce,5,1,10,5,10,2,1,0,0,0.5,0,0,0,0,0,0,0,0,0,0,0,0
Doug18,osoberry,0,0,0,0,0,0,0,0,0,0,0,0,0,0,0,0,0,0,0,0,0,0
Doug18,other,0,0,0,0,0,16,40,0,0,0,15,0,0,0,0,0,0,0,0,0,0,0
Doug19,deer_fern,0,0,0,0,0,0,0,0,0,0,0,0,0,0,0,0,0,0,0,0,0,0
Doug19,spiny_fern,0,0,0,0,0,0,0,0,0,0,4,0,0,0,0,0,0,0,0,0,0,0
Doug19,sword_fern,0,0,0,0,0,0,0,0,0,0,0,60,20,0,0,0,40,10,50,0,0,0
Doug19,bracken_fern,0,0,0,0,0,0,0,35,70,0,0,0,2,3,1,4,30,50,25,30,25,65
Doug19,dull_grape,0,0,0,0,0,0,0,2,1,0,0,0,0,0,0,0,0,0,0,0,0,0
Doug19,red_huck,0,0,0,0,0,0,0,0,0,0,0,0,0,0,0,0,30,0,0,0,0,50
Doug19,salmon_berr,0,0,0,0,0,0,1,0,10,1,0,1,5,0,0,0,1,0,20,30,60,0
Doug19,tr_blackberry,0,0,0,0,0,0,1,0,8,0,0,0,0,0,0,0,0,0,0,0,0,0
Doug19,salal,0,0,0,0,0,0,0,0,0,0,0,0,0,0,0,0,0,0,0,0,0,0
Doug19,starflower,0,0,0,0,0,0,0,0,0,0,0,0,0,0,0,0,0,0,0,0,0,0
Doug19,foamflower,0,0,0,0,0,0,0,0,0,0,0,0,0,0,0,0,0,0,0,0,0,0
Doug19,cascara,0,0,0,0,0,0,0,0,0,0,0,0,0,0,0,0,0,0,0,0,0,0
Doug19,Eng_holly,0,0,0,0,0,0,7,0,0,0,12,0,1,4,10,0,0,0,0,0,20,0
Doug19,him_blackberry,0,0,0,0,0,0,0,0,0,0,0,0,0,0,0,0,0,0,0,20,10,20
Doug19,Eng_laurel,0,0,0,0,0,0,0,0,0,0,0,0,0,0,0,0,0,0,0,0,0,0
Doug19,wall_lettuce,0,0,0,0,0,0,0,1,0,0,0,0,0,0,0,0,0,0,0,0,0,0
Doug19,osoberry,0,0,0,0,0,0,0,0,0,0,0,0,0,0,0,0,0,0,0,0,0,0
Doug19,other,1,0,0,0,0,0,0,0,0,0,0,0,0,0,0,0,0,0,0,0,0,0
Doug20,deer_fern,0,0,0,0,0,0,0,0,0,0,0,0,0,0,0,0,0,0,0,0,0,0
Doug20,spiny_fern,65,20,2,0,0.5,10,10,0,4,0,0,15,0,80,20,25,0,0,10,0,3,8
Doug20,sword_fern,0,0,0,0,0,0,15,50,0,0,0,0,0,0,0,48,95,0,0,50,0,0
Doug20,bracken_fern,0,0,0,0,0,0,0,0,0,0,0,45,0,0,0,0,0,0,0,4,0,0
Doug20,dull_grape,0,0,0,0,0,0,0,0,0,0,0,0,0,0,0,0,0,0,0,0,0,0
Doug20,red_huck,0,1,0,0,0,0,1,0,0,0,0,55,0,0,0,0,0,0,0,20,8,0
Doug20,salmon_berr,0,0,0,0,0,0,0,0,5,0,0,0,0,0,0,0,2,75,0,0,0,0
Doug20,tr_blackberry,3,2,2,0,1,10,10,2,1,0,0,20,30,5,10,0,3,5,15,8,10,13
Doug20,salal,0,0,0,0,0,0,0,0,0,0,0,0,0,0,0,0,0,45,30,0,20,0
Doug20,starflower,0,1,0,0,0,0,0,7,0,0,0,0,0,0,0,0,2,0,0,0,0,0
Doug20,foamflower,0,0,0,0,0,0,0,0,0,0,0,0,0,0,0,0,0,0,0,0,0,0
Doug20,cascara,0,0,0,0,0,0,0,0,0,0,0,0,0,0,0,0,0,0,0,0,0,0
Doug20,Eng_holly,0,0,0,0,0,0,0,0,0,0,0,0,0,0,0,0,0,0,0,0,0,15
Doug20,him_blackberry,0,0,0,0,0,0,0,0,0,0,0,0,0,0,0,0,0,0,0,0,0,0
Doug20,Eng_laurel,0,0,0,0,15,0,0,0,0,75,0,0,0,0,0,0,0,0,0,0,0,0
Doug20,wall_lettuce,15,0,0,0.5,0,1,3,0,0,0,0,8,0,0,0,0,0,0,0,0,0,5
Doug20,osoberry,0,0,0,0,0,0,0,0,0,0,0,0,0,0,0,0,0,0,0,0,0,0
Doug20,other,0,0,25,0,0,10,1,0,1,1,0,7,75,0,85,0,0,0,0,0,5,0
Doug21,deer_fern,0,0,0,0,0,0,0,0,0,0,0,0,0,0,0,0,0,0,0,0,0,0
Doug21,spiny_fern,20,9,18,0,7,20,15,5,25,5,0,0,0,0,7,25,0,0,0,0,0,0
Doug21,sword_fern,0,14,13,9,0,40,0,0,0,0,0,0,0,0,0,0,0,15,30,0,0,0
Doug21,bracken_fern,0,0,0,0,0,12,0,0,0,0,0,0,2,0,0,0,80,11,15,40,1,0
Doug21,dull_grape,0,0,0,0,0,0,0,0,0,0,0,0,0,0,0,0,0,0,0,0,0,0
Doug21,red_huck,0,0,0,0,0,0,0,0,0,0,0,0,1,0,0,0,0,0,0,0,0,10
Doug21,salmon_berr,0,0,0,0,0,0,0,0,25,1,0,0,0,0,0,0,0,0,0,0,0,0
Doug21,tr_blackberry,0,1,11,6,20,15,7,30,0,0,0,4,3,0,0,1,10,16,10,20,15,1
Doug21,salal,0,0,0,0,0,0,0,0,0,0,0,0,0,0,0,0,0,0,25,4,10,6
Doug21,starflower,0,0,0,0,0,10,1,0,6,1,0,0,0,0,0,3,0,0,0,0,0,0
Doug21,foamflower,0,0,0,0,0,0,0,0,0,0,1,3,12,0,0,0,0,0,0,0,0,0
Doug21,cascara,0,0,0,0,0,0,0,0,0,0,0,0,0,0,0,18,0,0,0,0,0,0
Doug21,Eng_holly,0,0,0,0,0,0,0,0,0,0,0,12,0,0,0,1,0,0,0,0,0,0
Doug21,him_blackberry,0,0,0,0,0,0,0,0,0,0,0,0,0,0,0,0,0,0,0,0,0,0
Doug21,Eng_laurel,0,0,0,0,0,0,0,0,0,0,0,0,25,80,7,0,0,0,0,0,0,0
Doug21,wall_lettuce,0,0,0,2,3,0,0,0,0,3,0,0.5,0,0,0,0,0,0,0,0,0,0
Doug21,osoberry,0,0,0,0,0,0,0,0,0,0,0,0,0,0,0,0,0,0,0,0,0,0
Doug21,other,0,0,0,0,0,0,45,25,50,0,0,0,0,0,0,0,0,0,0,0,0,80
Sam3,deer_fern,0,0,0,4,0,80,0,0,0,0,0,0,0,0,0,0,0,0,0,0,0,0
Sam3,spiny_fern,0,0,0,0,0,2,0,60,0,0,2,0,10,0,5,25,0,10,18,25,45,40
Sam3,sword_fern,0,0,0,0,0,12,80,10,15,0,0,0,0,0,0,0,85,0,0,0,5,30
Sam3,bracken_fern,0,0,0,0,0,0,0,0,0,1,0,0,0,0,0,0,0,0,0,0,0,0
Sam3,dull_grape,0,0,0,0,0,0,0,0,0,0,0,0,0,0,0,0,0,0,0,0,0,0
Sam3,red_huck,0,0,0,0,0,0,0,10,25,45,0,0,0,0,0,0,0,15,0,2,0,0
Sam3,salmon_berr,2,2,0,0,0,0,0,5,0,0,0,0,0,0,0,0,0,0,0,0,0,0
Sam3,tr_blackberry,0,0,0,0,0,0,0,0,0,0,0,0,0,0,0,0,0,0,0,0,0,0
Sam3,salal,0,0,0,0,0,4,0,0,0,0,0,0,0,0,0,0,0,0,0,0,0,6
Sam3,starflower,0,0,0,0,0,1,0,0,1,2,0,0,0,0,0,0,0,0,0,0,0,0
Sam3,foamflower,0,0,0,0,0,0,0,0,0,5,2,0,0,0,0,0,0,0,0,0,0,0
Sam3,cascara,0,0,0,0,0,0,0,0,0,0,0,0,0,0,0,0,0,0,0,0,0,0
Sam3,Eng_holly,0,0,0,0,0,0,0,0,0,0,0,0,0,0,5,0,0,2,0,0,15,0
Sam3,him_blackberry,0,0,0,0,0,0,0,0,0,0,0,0,0,0,0,0,0,0,0,0,0,0
Sam3,Eng_laurel,0,0,0,0,0,0,0,0,0,0,0,0,0,0,0,0,0,0,0,0,0,0
Sam3,wall_lettuce,0,0,2,0,0,10,0,0,0,0,2,0,0,0,0,2,0,0,3,0,0,0
Sam3,osoberry,0,0,0,0,0,0,0,0,0,0,0,0,0,0,0,0,0,0,0,0,0,0
Sam3,other,0,0,1,3,0,0,0,1,1,2,1,0,0,0,0,1,0,0,1,0,0,0
Sam4,deer_fern,0,0,0,0,0,0,0,0,0,0,0,0,0,0,0,0,0,20,0,0,0,0
Sam4,spiny_fern,15,0,0,0,40,10,0,0,3,0,25,0,0,30,0,0,30,20,10,15,10,30
Sam4,sword_fern,20,5,0,0,4,30,15,0,0,0,20,0,80,0,30,0,0,0,0,5,5,0
Sam4,bracken_fern,10,0,0,15,10,0,0,1,25,3,0,0,0,0,0,0,0,0,0,0,0,0
Sam4,dull_grape,0,0,0,0,0,0,0,0,0,0,0,0,0,0,0,0,0,0,0,0,0,0
Sam4,red_huck,3,0,0,0,10,0,10,0,0,25,0,0,0,0,0,80,0,0,0,0,0,0
Sam4,salmon_berr,0,0,0,0,0,0,0,0,0,2,3,0,10,0,0,0,0,0,0,0,0,0
Sam4,tr_blackberry,0,0,0,0,0,0,0,0,0,2,0,0,0,0,0,0,0,0,0,0,0,0
Sam4,salal,0,0,0,0,0,0,0,0,0,0,0,0,0,10,0,10,10,0,0,0,0,0
Sam4,starflower,1,1,10,2,2,0,2,2,0,0,7,0,0,0,0,0,0,0,0,0,0,0
Sam4,foamflower,0,0,0,0,0,0,0,0,0,0,0,0,0,0,0,0,0,0,0,0,0,0
Sam4,cascara,0,0,0,0,0,1,2,1,1,5,0,0,0,0,0,0,0,0,0,0,0,0
Sam4,Eng_holly,0,0,0,0,0,0,1,0,0,5,0,0,0,0,0,0,0,50,0,0,0,0
Sam4,him_blackberry,0,0,0,0,0,0,0,0,0,0,0,0,0,0,0,0,0,0,0,0,0,0
Sam4,Eng_laurel,0,0,0,0,0,0,0,0,0,0,0,0,0,0,0,0,0,0,0,0,0,0
Sam4,wall_lettuce,5,0,0,2,1,2,3,2,0,0,10,0,10,0,0,0,0,0,0,20,10,0
Sam4,osoberry,0,0,0,0,0,0,0,0,0,0,0,0,0,0,0,0,0,0,0,0,0,0
Sam4,other,0,0,0,0,0,10,0,0,0,0,25,0,0,0,100,0,100,40,0,10,0,0